Carrier Code,Date (MM/DD/YYYY),Flight Number,Tail Number,Origin Airport,Scheduled Arrival Time,Actual Arrival Time,Scheduled Elapsed Time (Minutes),Actual Elapsed Time (Minutes),Arrival Delay (Minutes),Wheels-on Time,Taxi-In time (Minutes),Delay Carrier (Minutes),Delay Weather (Minutes),Delay National Aviation System (Minutes),Delay Security (Minutes),Delay Late Aircraft Arrival (Minutes)
"UA","03/01/2019","0607","N803UA","ORD","21:20","21:40","105","94","20","21:37","3","1","0","0","0","19"
"UA","03/01/2022","1094","N852UA","ORD","20:59","20:51","109","103","-8","20:46","5","0","0","0","0","0"
"UA","03/01/2022","1200","N823UA","DEN","15:09","15:02","199","190","-7","14:56","6","0","0","0","0","0"
"UA","03/01/2022","1874","N28478","IAD","23:29","23:34","69","80","5","23:28","6","0","0","0","0","0"
"UA","03/01/2023","0604","N818UA","DEN","14:58","14:57","196","176","-1","14:51","6","0","0","0","0","0"
"UA","03/01/2023","0765","N824UA","EWR","23:12","23:08","73","75","-4","23:03","5","0","0","0","0","0"
"UA","03/01/2023","1693","N446UA","ORD","16:43","16:37","106","91","-6","16:32","5","0","0","0","0","0"
"UA","03/01/2023","1998","N815UA","ORD","21:08","20:44","109","89","-24","20:40","4","0","0","0","0","0"
"UA","03/02/2019","0607","N805UA","ORD","20:45","21:17","105","95","32","21:10","7","32","0","0","0","0"
"UA","03/02/2022","1094","N484UA","ORD","20:59","20:52","109","107","-7","20:46","6","0","0","0","0","0"
"UA","03/02/2022","1200","N4888U","DEN","15:09","14:52","199","188","-17","14:46","6","0","0","0","0","0"
"UA","03/02/2022","1874","N61882","IAD","23:29","23:30","69","72","1","23:23","7","0","0","0","0","0"
"UA","03/02/2023","0604","N852UA","DEN","14:58","15:09","196","203","11","14:50","19","0","0","0","0","0"
"UA","03/02/2023","0765","N876UA","EWR","23:12","23:20","73","89","8","23:12","8","0","0","0","0","0"
"UA","03/02/2023","1693","N409UA","ORD","16:43","16:43","106","93","0","16:37","6","0","0","0","0","0"
"UA","03/02/2023","1998","N840UA","ORD","21:08","20:52","109","96","-16","20:43","9","0","0","0","0","0"
"UA","03/03/2019","0607","N467UA","ORD","21:20","23:42","105","105","142","23:36","6","6","0","0","0","136"
"UA","03/03/2019","1419","N24706","ORD","11:45","11:49","110","97","4","11:45","4","0","0","0","0","0"
"UA","03/03/2022","1094","N827UA","ORD","20:59","21:34","109","111","35","21:28","6","33","0","2","0","0"
"UA","03/03/2022","1200","N892UA","DEN","15:09","14:52","199","185","-17","14:47","5","0","0","0","0","0"
"UA","03/03/2023","0538","","ORD","21:16","00:00","107","0","0","00:00","0","0","0","0","0","0"
"UA","03/03/2023","0604","N818UA","DEN","14:59","14:50","196","193","-9","14:39","11","0","0","0","0","0"
"UA","03/03/2023","0776","","EWR","23:11","00:00","71","0","0","00:00","0","0","0","0","0","0"
"UA","03/04/2019","0607","N843UA","ORD","21:20","21:21","105","106","1","21:16","5","0","0","0","0","0"
"UA","03/04/2022","1094","N839UA","ORD","20:58","20:32","109","90","-26","20:27","5","0","0","0","0","0"
"UA","03/04/2022","1200","N471UA","DEN","15:05","15:50","200","180","45","15:46","4","4","0","0","0","41"
"UA","03/04/2022","1874","N829UA","IAD","23:19","23:25","69","75","6","23:21","4","0","0","0","0","0"
"UA","03/04/2023","0408","N895UA","ORD","23:55","23:54","110","100","-1","23:47","7","0","0","0","0","0"
"UA","03/04/2023","0604","","DEN","14:56","00:00","196","0","0","00:00","0","0","0","0","0","0"
"UA","03/04/2023","0776","N24729","EWR","23:11","23:07","71","69","-4","23:03","4","0","0","0","0","0"
"UA","03/05/2019","0607","N843UA","ORD","20:45","20:49","105","104","4","20:42","7","0","0","0","0","0"
"UA","03/05/2022","1094","N821UA","ORD","20:58","21:23","109","108","25","21:19","4","5","0","0","0","20"
"UA","03/05/2022","1200","N408UA","DEN","15:05","15:10","200","197","5","15:06","4","0","0","0","0","0"
"UA","03/05/2022","1874","N879UA","IAD","23:19","23:17","69","69","-2","23:12","5","0","0","0","0","0"
"UA","03/05/2023","0408","N481UA","ORD","23:55","23:36","110","95","-19","23:31","5","0","0","0","0","0"
"UA","03/05/2023","0604","N884UA","DEN","14:59","15:01","196","194","2","14:37","24","0","0","0","0","0"
"UA","03/05/2023","0776","N87527","EWR","23:11","23:55","71","61","44","23:44","11","11","0","0","0","33"
"UA","03/06/2019","0607","N895UA","ORD","21:20","21:21","105","108","1","21:16","5","0","0","0","0","0"
"UA","03/06/2022","1094","N892UA","ORD","20:58","21:29","109","101","31","21:23","6","0","0","0","0","31"
"UA","03/06/2022","1200","N404UA","DEN","15:05","17:04","200","227","119","16:59","5","0","92","27","0","0"
"UA","03/06/2022","1874","N833UA","IAD","23:19","23:12","69","64","-7","23:08","4","0","0","0","0","0"
"UA","03/06/2023","0538","N802UA","ORD","21:17","20:52","108","88","-25","20:48","4","0","0","0","0","0"
"UA","03/06/2023","0604","N890UA","DEN","14:59","14:49","196","178","-10","14:39","10","0","0","0","0","0"
"UA","03/06/2023","0776","N826UA","EWR","23:11","23:05","71","70","-6","23:01","4","0","0","0","0","0"
"UA","03/07/2019","0607","N848UA","ORD","21:20","21:29","105","96","9","21:23","6","0","0","0","0","0"
"UA","03/07/2022","1094","N893UA","ORD","20:58","20:54","109","105","-4","20:39","15","0","0","0","0","0"
"UA","03/07/2022","1200","N453UA","DEN","15:05","15:01","200","194","-4","14:37","24","0","0","0","0","0"
"UA","03/07/2022","1874","N822UA","IAD","23:19","00:23","69","59","64","00:18","5","64","0","0","0","0"
"UA","03/07/2023","0538","N878UA","ORD","21:17","21:01","108","100","-16","20:58","3","0","0","0","0","0"
"UA","03/07/2023","0604","N812UA","DEN","14:59","14:51","196","190","-8","14:34","17","0","0","0","0","0"
"UA","03/07/2023","0776","N837UA","EWR","23:11","00:33","71","55","82","00:28","5","16","0","0","0","66"
"UA","03/08/2019","0607","N27722","ORD","21:55","21:51","110","96","-4","21:46","5","0","0","0","0","0"
"UA","03/08/2022","1094","N892UA","ORD","20:58","20:34","109","90","-24","20:29","5","0","0","0","0","0"
"UA","03/08/2022","1200","N458UA","DEN","15:05","15:20","200","202","15","15:14","6","13","0","2","0","0"
"UA","03/08/2022","1874","N811UA","IAD","23:19","23:07","69","63","-12","23:01","6","0","0","0","0","0"
"UA","03/08/2023","0538","N896UA","ORD","21:17","21:27","108","113","10","21:21","6","0","0","0","0","0"
"UA","03/08/2023","0604","N875UA","DEN","14:59","14:56","196","196","-3","14:48","8","0","0","0","0","0"
"UA","03/08/2023","0776","N854UA","EWR","23:11","23:44","71","60","33","23:38","6","33","0","0","0","0"
"UA","03/09/2019","0607","N24702","ORD","21:50","21:57","110","109","7","21:52","5","0","0","0","0","0"
"UA","03/09/2022","1094","N893UA","ORD","20:58","20:56","109","108","-2","20:51","5","0","0","0","0","0"
"UA","03/09/2022","1200","N453UA","DEN","15:05","15:06","200","190","1","14:59","7","0","0","0","0","0"
"UA","03/09/2022","1874","N873UA","IAD","23:19","00:18","69","101","59","00:12","6","3","0","32","0","24"
"UA","03/09/2023","0538","N893UA","ORD","21:17","21:23","108","117","6","21:17","6","0","0","0","0","0"
"UA","03/09/2023","0604","N429UA","DEN","14:59","15:24","196","188","25","15:19","5","11","0","0","0","14"
"UA","03/09/2023","0776","N874UA","EWR","23:11","00:08","71","54","57","00:04","4","0","0","0","0","57"
"UA","03/10/2019","0607","N27722","ORD","21:50","22:07","110","93","17","22:02","5","10","0","0","0","7"
"UA","03/10/2022","1094","N816UA","ORD","20:58","21:14","109","89","16","21:09","5","2","0","0","0","14"
"UA","03/10/2022","1200","N488UA","DEN","15:05","15:03","200","176","-2","14:58","5","0","0","0","0","0"
"UA","03/10/2022","1874","N846UA","IAD","23:19","23:15","69","64","-4","23:10","5","0","0","0","0","0"
"UA","03/10/2023","0538","N16701","ORD","21:16","21:54","107","93","38","21:48","6","1","0","0","0","37"
"UA","03/10/2023","0604","N828UA","DEN","14:59","14:56","196","191","-3","14:46","10","0","0","0","0","0"
"UA","03/10/2023","0776","N37267","EWR","23:11","00:49","71","56","98","00:43","6","24","0","0","0","74"
"UA","03/11/2019","0607","N16703","ORD","21:50","21:46","110","108","-4","21:42","4","0","0","0","0","0"
"UA","03/11/2022","1094","N878UA","ORD","20:58","20:48","109","96","-10","20:43","5","0","0","0","0","0"
"UA","03/11/2022","1200","N453UA","DEN","15:05","14:38","200","175","-27","14:32","6","0","0","0","0","0"
"UA","03/11/2022","1874","N851UA","IAD","23:19","23:23","69","67","4","23:16","7","0","0","0","0","0"
"UA","03/11/2023","0408","N36476","ORD","23:54","23:45","109","102","-9","23:40","5","0","0","0","0","0"
"UA","03/11/2023","0604","N421UA","DEN","14:56","14:53","196","190","-3","14:47","6","0","0","0","0","0"
"UA","03/11/2023","0776","N15712","EWR","23:10","01:29","71","60","139","01:24","5","47","0","0","0","92"
"UA","03/12/2019","0607","N825UA","ORD","21:50","21:38","110","101","-12","21:34","4","0","0","0","0","0"
"UA","03/12/2022","1094","N818UA","ORD","20:58","21:10","109","115","12","21:06","4","0","0","0","0","0"
"UA","03/12/2022","1200","N416UA","DEN","15:05","15:07","200","197","2","15:01","6","0","0","0","0","0"
"UA","03/12/2022","1874","N828UA","IAD","23:19","00:24","69","70","65","00:19","5","64","0","1","0","0"
"UA","03/12/2023","0408","N476UA","ORD","23:55","23:57","110","102","2","23:53","4","0","0","0","0","0"
"UA","03/12/2023","0604","N844UA","DEN","14:59","14:51","196","186","-8","14:43","8","0","0","0","0","0"
"UA","03/12/2023","0776","N839UA","EWR","23:11","23:21","71","61","10","23:17","4","0","0","0","0","0"
"UA","03/13/2019","0607","N38727","ORD","21:50","21:27","110","91","-23","21:23","4","0","0","0","0","0"
"UA","03/13/2022","1094","N845UA","ORD","20:58","20:43","109","95","-15","20:39","4","0","0","0","0","0"
"UA","03/13/2022","1200","N469UA","DEN","15:05","15:03","200","187","-2","14:59","4","0","0","0","0","0"
"UA","03/13/2022","1874","N897UA","IAD","23:19","23:33","69","67","14","23:28","5","0","0","0","0","0"
"UA","03/13/2023","0538","N845UA","ORD","21:17","21:17","108","102","0","21:13","4","0","0","0","0","0"
"UA","03/13/2023","0604","N481UA","DEN","14:59","14:55","196","199","-4","14:38","17","0","0","0","0","0"
"UA","03/13/2023","0776","N414UA","EWR","23:11","04:54","71","49","343","04:49","5","206","0","0","0","137"
"UA","03/14/2019","0607","N27724","ORD","21:50","23:49","110","111","119","23:44","5","0","0","17","0","102"
"UA","03/14/2022","1094","N877UA","ORD","20:58","20:46","109","101","-12","20:39","7","0","0","0","0","0"
"UA","03/14/2022","1200","N469UA","DEN","15:05","15:06","200","190","1","15:00","6","0","0","0","0","0"
"UA","03/14/2022","1874","N878UA","IAD","23:19","00:25","69","61","66","00:22","3","4","0","0","0","62"
"UA","03/14/2023","0538","","ORD","21:17","00:00","108","0","0","00:00","0","0","0","0","0","0"
"UA","03/14/2023","0604","","DEN","14:59","00:00","196","0","0","00:00","0","0","0","0","0","0"
"UA","03/14/2023","0776","","EWR","23:11","00:00","71","0","0","00:00","0","0","0","0","0","0"
"UA","03/15/2019","0607","N15710","ORD","21:50","21:44","110","108","-6","21:38","6","0","0","0","0","0"
"UA","03/15/2022","1094","N854UA","ORD","20:58","20:46","109","103","-12","20:38","8","0","0","0","0","0"
"UA","03/15/2022","1200","N460UA","DEN","15:05","14:55","200","189","-10","14:50","5","0","0","0","0","0"
"UA","03/15/2022","1874","N816UA","IAD","23:19","23:15","69","71","-4","23:09","6","0","0","0","0","0"
"UA","03/15/2023","0538","N809UA","ORD","21:17","22:19","108","103","62","22:14","5","0","0","0","0","62"
"UA","03/15/2023","0604","N806UA","DEN","14:59","15:02","196","200","3","14:53","9","0","0","0","0","0"
"UA","03/15/2023","0776","N476UA","EWR","23:11","00:46","71","68","95","00:39","7","52","0","0","0","43"
"UA","03/16/2019","0607","N16703","ORD","21:50","21:43","110","101","-7","21:39","4","0","0","0","0","0"
"UA","03/16/2022","1094","N812UA","ORD","20:58","21:21","109","94","23","21:17","4","5","0","0","0","18"
"UA","03/16/2022","1200","N407UA","DEN","15:05","14:48","200","185","-17","14:43","5","0","0","0","0","0"
"UA","03/16/2022","1874","N4888U","IAD","23:19","23:19","69","61","0","23:15","4","0","0","0","0","0"
"UA","03/16/2023","0538","N832UA","ORD","21:17","21:06","108","111","-11","21:01","5","0","0","0","0","0"
"UA","03/16/2023","0604","N825UA","DEN","14:59","14:50","196","189","-9","14:44","6","0","0","0","0","0"
"UA","03/16/2023","0776","N883UA","EWR","23:11","23:07","71","72","-4","22:58","9","0","0","0","0","0"
"UA","03/17/2019","0607","N16701","ORD","21:50","21:41","110","104","-9","21:36","5","0","0","0","0","0"
"UA","03/17/2022","1094","N817UA","ORD","20:58","21:22","109","127","24","21:00","22","0","0","18","0","6"
"UA","03/17/2022","1200","N489UA","DEN","15:05","20:22","200","189","317","20:16","6","221","0","0","0","96"
"UA","03/17/2022","1874","N892UA","IAD","23:19","23:35","69","70","16","23:30","5","15","0","1","0","0"
"UA","03/17/2023","0538","N37470","ORD","21:16","21:21","107","99","5","21:15","6","0","0","0","0","0"
"UA","03/17/2023","0604","N814UA","DEN","14:59","15:13","196","196","14","15:06","7","0","0","0","0","0"
"UA","03/17/2023","0776","N26226","EWR","23:11","23:18","71","71","7","23:10","8","0","0","0","0","0"
"UA","03/18/2019","0607","N15710","ORD","21:50","21:43","110","105","-7","21:38","5","0","0","0","0","0"
"UA","03/18/2022","1094","N814UA","ORD","20:58","20:48","109","102","-10","20:44","4","0","0","0","0","0"
"UA","03/18/2022","1200","N473UA","DEN","15:05","14:54","200","191","-11","14:51","3","0","0","0","0","0"
"UA","03/18/2022","1874","N845UA","IAD","23:19","01:07","69","65","108","01:03","4","0","0","0","0","108"
"UA","03/18/2023","0408","N460UA","ORD","23:55","00:10","110","105","15","00:01","9","6","0","0","0","9"
"UA","03/18/2023","0604","N479UA","DEN","14:56","15:21","196","189","25","15:16","5","25","0","0","0","0"
"UA","03/18/2023","0776","N47284","EWR","23:11","23:04","71","64","-7","23:00","4","0","0","0","0","0"
"UA","03/19/2019","0607","N889UA","ORD","21:50","21:37","110","105","-13","21:32","5","0","0","0","0","0"
"UA","03/19/2022","1094","N879UA","ORD","20:58","20:52","109","108","-6","20:47","5","0","0","0","0","0"
"UA","03/19/2022","1200","N454UA","DEN","15:05","00:00","200","0","0","00:00","0","0","0","0","0","0"
"UA","03/19/2022","1874","N848UA","IAD","23:19","23:24","69","67","5","23:19","5","0","0","0","0","0"
"UA","03/19/2023","0408","N460UA","ORD","23:55","23:40","110","102","-15","23:33","7","0","0","0","0","0"
"UA","03/19/2023","0604","N803UA","DEN","14:59","15:02","196","200","3","14:53","9","0","0","0","0","0"
"UA","03/19/2023","0776","N895UA","EWR","23:48","00:38","71","81","50","00:32","6","27","0","10","0","13"
"UA","03/20/2019","0607","N16732","ORD","21:50","21:48","110","113","-2","21:43","5","0","0","0","0","0"
"UA","03/20/2022","1094","N822UA","ORD","20:58","20:55","109","105","-3","20:50","5","0","0","0","0","0"
"UA","03/20/2022","1200","N410UA","DEN","15:05","15:58","200","206","53","15:52","6","6","0","6","0","41"
"UA","03/20/2022","1874","N853UA","IAD","23:19","23:42","69","73","23","23:36","6","19","0","4","0","0"
"UA","03/20/2023","0538","N849UA","ORD","21:17","21:10","108","101","-7","21:06","4","0","0","0","0","0"
"UA","03/20/2023","0604","N474UA","DEN","14:59","14:59","196","201","0","14:46","13","0","0","0","0","0"
"UA","03/20/2023","0776","N484UA","EWR","23:11","23:46","71","72","35","23:41","5","34","0","1","0","0"
"UA","03/21/2019","0607","N38727","ORD","21:50","21:35","110","102","-15","21:30","5","0","0","0","0","0"
"UA","03/21/2022","1094","N844UA","ORD","20:58","20:45","109","100","-13","20:41","4","0","0","0","0","0"
"UA","03/21/2022","1200","N493UA","DEN","15:05","15:13","200","198","8","15:07","6","0","0","0","0","0"
"UA","03/21/2022","1874","N898UA","IAD","23:19","23:28","69","75","9","23:23","5","0","0","0","0","0"
"UA","03/21/2023","0538","N808UA","ORD","21:17","21:16","108","108","-1","21:11","5","0","0","0","0","0"
"UA","03/21/2023","0604","N842UA","DEN","14:59","15:01","196","195","2","14:56","5","0","0","0","0","0"
"UA","03/21/2023","0776","N819UA","EWR","23:11","23:06","71","68","-5","23:02","4","0","0","0","0","0"
"UA","03/22/2019","0607","N17719","ORD","21:50","21:59","110","116","9","21:50","9","0","0","0","0","0"
"UA","03/22/2022","1094","N854UA","ORD","20:58","20:57","109","90","-1","20:53","4","0","0","0","0","0"
"UA","03/22/2022","1200","N469UA","DEN","15:05","15:04","200","192","-1","15:01","3","0","0","0","0","0"
"UA","03/22/2022","1874","N846UA","IAD","23:19","00:30","69","62","71","00:25","5","0","0","0","0","71"
"UA","03/22/2023","0538","N819UA","ORD","21:17","21:17","108","97","0","21:12","5","0","0","0","0","0"
"UA","03/22/2023","0604","N855UA","DEN","14:59","14:53","196","196","-6","14:26","27","0","0","0","0","0"
"UA","03/22/2023","0776","N893UA","EWR","23:11","23:04","71","69","-7","22:56","8","0","0","0","0","0"
"UA","03/23/2019","0607","N23721","ORD","21:50","21:32","110","99","-18","21:26","6","0","0","0","0","0"
"UA","03/23/2022","1094","N809UA","ORD","20:58","21:25","109","111","27","21:21","4","6","0","2","0","19"
"UA","03/23/2022","1200","N467UA","DEN","15:05","15:33","200","203","28","15:29","4","25","0","3","0","0"
"UA","03/23/2022","1874","N820UA","IAD","23:19","23:37","69","64","18","23:33","4","18","0","0","0","0"
"UA","03/23/2023","0538","N817UA","ORD","21:17","20:58","108","98","-19","20:53","5","0","0","0","0","0"
"UA","03/23/2023","0604","N816UA","DEN","14:59","14:55","196","188","-4","14:35","20","0","0","0","0","0"
"UA","03/23/2023","0776","N897UA","EWR","23:11","23:13","71","79","2","23:04","9","0","0","0","0","0"
"UA","03/24/2019","0607","N23721","ORD","21:50","21:48","110","111","-2","21:43","5","0","0","0","0","0"
"UA","03/24/2022","1094","N852UA","ORD","20:58","20:51","109","103","-7","20:45","6","0","0","0","0","0"
"UA","03/24/2022","1200","N414UA","DEN","15:05","14:57","200","191","-8","14:52","5","0","0","0","0","0"
"UA","03/24/2022","1874","N844UA","IAD","23:19","23:25","69","66","6","23:19","6","0","0","0","0","0"
"UA","03/24/2023","0538","N17719","ORD","21:16","21:06","107","103","-10","21:01","5","0","0","0","0","0"
"UA","03/24/2023","0604","N873UA","DEN","14:59","14:52","196","185","-7","14:42","10","0","0","0","0","0"
"UA","03/24/2023","0776","N16234","EWR","23:11","23:00","71","64","-11","22:53","7","0","0","0","0","0"
"UA","03/25/2019","0607","N38727","ORD","21:50","21:40","110","93","-10","21:38","2","0","0","0","0","0"
"UA","03/25/2022","1094","N828UA","ORD","20:58","21:14","109","109","16","21:09","5","16","0","0","0","0"
"UA","03/25/2022","1200","N462UA","DEN","15:05","14:51","200","189","-14","14:46","5","0","0","0","0","0"
"UA","03/25/2022","1874","N423UA","IAD","23:19","23:32","69","68","13","23:26","6","0","0","0","0","0"
"UA","03/25/2023","0408","N39475","ORD","23:54","00:54","109","100","60","00:48","6","45","0","0","0","15"
"UA","03/25/2023","0604","N489UA","DEN","14:56","15:54","196","188","58","15:49","5","58","0","0","0","0"
"UA","03/25/2023","0776","N33714","EWR","23:11","23:10","71","71","-1","23:02","8","0","0","0","0","0"
"UA","03/26/2019","0607","N853UA","ORD","21:50","21:37","110","102","-13","21:32","5","0","0","0","0","0"
"UA","03/26/2022","1094","N876UA","ORD","20:58","20:49","109","103","-9","20:45","4","0","0","0","0","0"
"UA","03/26/2022","1200","N449UA","DEN","15:02","15:03","197","202","1","14:58","5","0","0","0","0","0"
"UA","03/26/2022","1874","N871UA","IAD","23:19","23:30","69","72","11","23:24","6","0","0","0","0","0"
"UA","03/26/2023","0538","N855UA","ORD","21:34","21:21","114","101","-13","21:17","4","0","0","0","0","0"
"UA","03/26/2023","0604","N840UA","DEN","15:12","15:12","201","180","0","15:07","5","0","0","0","0","0"
"UA","03/26/2023","1412","N13720","EWR","23:10","23:24","72","65","14","23:19","5","0","0","0","0","0"
"UA","03/27/2019","0607","N13718","ORD","21:50","21:39","110","94","-11","21:33","6","0","0","0","0","0"
"UA","03/27/2022","1041","N845UA","DEN","15:11","15:07","202","195","-4","15:02","5","0","0","0","0","0"
"UA","03/27/2022","1185","N895UA","ORD","22:19","22:03","113","106","-16","21:58","5","0","0","0","0","0"
"UA","03/27/2022","2027","N822UA","IAD","23:37","23:34","70","75","-3","23:28","6","0","0","0","0","0"
"UA","03/27/2023","0538","N802UA","ORD","21:34","21:19","114","103","-15","21:16","3","0","0","0","0","0"
"UA","03/27/2023","0604","N893UA","DEN","15:12","15:18","201","200","6","15:12","6","0","0","0","0","0"
"UA","03/27/2023","1412","N13720","EWR","23:10","00:03","72","62","53","23:59","4","18","0","0","0","35"
"UA","03/28/2019","0607","N25705","ORD","21:50","21:23","110","90","-27","21:18","5","0","0","0","0","0"
"UA","03/28/2022","1041","N466UA","DEN","15:06","15:01","198","196","-5","14:55","6","0","0","0","0","0"
"UA","03/28/2022","1185","N882UA","ORD","21:59","21:43","113","103","-16","21:37","6","0","0","0","0","0"
"UA","03/28/2022","2027","N875UA","IAD","23:37","23:34","70","72","-3","23:29","5","0","0","0","0","0"
"UA","03/28/2023","0538","N443UA","ORD","21:34","21:15","114","99","-19","21:11","4","0","0","0","0","0"
"UA","03/28/2023","0604","N829UA","DEN","15:12","15:17","201","193","5","15:12","5","0","0","0","0","0"
"UA","03/28/2023","1412","N24729","EWR","23:10","23:13","72","71","3","23:10","3","0","0","0","0","0"
"UA","03/29/2019","0607","N39728","ORD","21:50","21:25","110","92","-25","21:22","3","0","0","0","0","0"
"UA","03/29/2022","1041","N466UA","DEN","15:06","15:25","198","216","19","15:22","3","0","0","19","0","0"
"UA","03/29/2022","1185","N872UA","ORD","21:59","00:49","113","96","170","00:44","5","0","0","0","0","170"
"UA","03/29/2022","2027","N873UA","IAD","23:37","23:25","70","65","-12","23:22","3","0","0","0","0","0"
"UA","03/29/2023","0538","N836UA","ORD","21:34","21:48","114","98","14","21:41","7","0","0","0","0","0"
"UA","03/29/2023","0604","N436UA","DEN","15:12","15:03","201","189","-9","14:50","13","0","0","0","0","0"
"UA","03/29/2023","1412","N27734","EWR","23:10","23:17","72","81","7","23:09","8","0","0","0","0","0"
"UA","03/30/2019","0607","N454UA","ORD","21:50","21:51","110","89","1","21:47","4","0","0","0","0","0"
"UA","03/30/2022","1041","N407UA","DEN","15:06","14:58","198","194","-8","14:44","14","0","0","0","0","0"
"UA","03/30/2022","1185","N893UA","ORD","21:59","21:53","113","105","-6","21:48","5","0","0","0","0","0"
"UA","03/30/2022","2027","N809UA","IAD","23:37","23:23","70","68","-14","23:18","5","0","0","0","0","0"
"UA","03/30/2023","0538","N882UA","ORD","21:34","21:11","114","95","-23","21:06","5","0","0","0","0","0"
"UA","03/30/2023","0604","N810UA","DEN","15:12","14:48","201","180","-24","14:42","6","0","0","0","0","0"
"UA","03/30/2023","1412","N23707","EWR","23:10","23:16","72","71","6","23:11","5","0","0","0","0","0"
"UA","03/31/2019","0607","N38727","ORD","20:55","20:34","110","97","-21","20:29","5","0","0","0","0","0"
"UA","03/31/2022","1041","N493UA","DEN","15:06","14:55","198","195","-11","14:49","6","0","0","0","0","0"
"UA","03/31/2022","1185","N854UA","ORD","21:59","22:35","113","95","36","22:31","4","13","0","0","0","23"
"UA","03/31/2022","2027","N845UA","IAD","23:37","01:03","70","59","86","00:58","5","0","0","0","0","86"
"UA","03/31/2023","0538","N27239","ORD","21:34","03:55","114","96","381","03:50","5","59","0","0","0","322"
"UA","03/31/2023","0604","N823UA","DEN","15:12","15:19","201","190","7","15:15","4","0","0","0","0","0"
"UA","03/31/2023","1412","N54711","EWR","23:42","23:30","72","60","-12","23:24","6","0","0","0","0","0"
"UA","04/01/2019","0607","N17752","ORD","21:02","21:00","110","110","-2","20:55","5","0","0","0","0","0"
"UA","04/01/2022","1041","N448UA","DEN","15:06","15:09","198","201","3","15:05","4","0","0","0","0","0"
"UA","04/01/2022","1185","N467UA","ORD","21:59","22:46","113","101","47","22:41","5","0","0","0","0","47"
"UA","04/01/2022","2027","N844UA","IAD","23:37","01:02","70","70","85","00:56","6","50","0","0","0","35"
"UA","04/01/2023","0538","N805UA","ORD","21:34","21:35","114","102","1","21:29","6","0","0","0","0","0"
"UA","04/01/2023","0604","N875UA","DEN","15:12","15:04","201","193","-8","15:00","4","0","0","0","0","0"
"UA","04/01/2023","1412","N37531","EWR","23:17","01:11","72","70","114","01:05","6","0","0","0","0","114"
"UA","04/02/2019","0607","N459UA","ORD","21:02","20:42","110","98","-20","20:38","4","0","0","0","0","0"
"UA","04/02/2022","1041","N897UA","DEN","15:11","14:54","202","192","-17","14:49","5","0","0","0","0","0"
"UA","04/02/2022","2027","N830UA","IAD","23:37","23:29","70","63","-8","23:24","5","0","0","0","0","0"
"UA","04/02/2023","0538","N819UA","ORD","21:34","21:37","114","89","3","21:33","4","0","0","0","0","0"
"UA","04/02/2023","0604","N486UA","DEN","15:12","14:54","201","185","-18","14:49","5","0","0","0","0","0"
"UA","04/02/2023","1412","N17719","EWR","23:42","01:13","72","59","91","01:08","5","81","0","0","0","10"
"UA","04/03/2019","0607","N15751","ORD","21:02","20:52","110","105","-10","20:47","5","0","0","0","0","0"
"UA","04/03/2022","1041","N436UA","DEN","15:11","15:16","202","190","5","15:09","7","0","0","0","0","0"
"UA","04/03/2022","1185","N844UA","ORD","22:04","22:47","113","98","43","22:42","5","43","0","0","0","0"
"UA","04/03/2022","2027","N479UA","IAD","23:37","23:38","70","71","1","23:30","8","0","0","0","0","0"
"UA","04/03/2023","0538","N881UA","ORD","21:34","21:32","114","119","-2","21:26","6","0","0","0","0","0"
"UA","04/03/2023","0604","N822UA","DEN","15:12","15:07","201","179","-5","15:01","6","0","0","0","0","0"
"UA","04/03/2023","1412","N24736","EWR","23:42","23:18","72","52","-24","23:13","5","0","0","0","0","0"
"UA","04/04/2019","0607","N39728","ORD","21:02","21:03","110","114","1","20:59","4","0","0","0","0","0"
"UA","04/04/2022","1041","N837UA","DEN","15:06","14:54","198","192","-12","14:49","5","0","0","0","0","0"
"UA","04/04/2022","1185","N832UA","ORD","21:59","21:29","113","89","-30","21:24","5","0","0","0","0","0"
"UA","04/04/2022","2027","N850UA","IAD","23:37","23:41","70","85","4","23:36","5","0","0","0","0","0"
"UA","04/04/2023","0538","N827UA","ORD","21:34","21:42","114","106","8","21:37","5","0","0","0","0","0"
"UA","04/04/2023","0604","N810UA","DEN","15:12","15:57","201","216","45","15:52","5","15","0","15","0","15"
"UA","04/04/2023","1412","N39728","EWR","23:42","00:31","72","63","49","00:26","5","39","0","0","0","10"
"UA","04/05/2019","0607","N24702","ORD","21:02","23:28","110","95","146","23:24","4","0","0","5","0","141"
"UA","04/05/2022","1041","N815UA","DEN","15:06","14:38","198","178","-28","14:33","5","0","0","0","0","0"
"UA","04/05/2022","1185","N848UA","ORD","21:59","22:17","113","94","18","22:12","5","0","0","0","0","18"
"UA","04/05/2022","2027","N813UA","IAD","23:37","08:11","70","84","514","08:07","4","58","0","14","0","442"
"UA","04/05/2023","0538","N817UA","ORD","21:34","01:21","114","88","227","01:17","4","0","0","0","0","227"
"UA","04/05/2023","0604","N889UA","DEN","15:12","14:46","201","181","-26","14:40","6","0","0","0","0","0"
"UA","04/05/2023","1412","N13718","EWR","23:42","00:32","72","99","50","00:26","6","23","0","27","0","0"
"UA","04/06/2019","0607","N486UA","ORD","21:02","20:57","110","109","-5","20:49","8","0","0","0","0","0"
"UA","04/06/2022","1041","N818UA","DEN","15:06","15:07","198","182","1","15:03","4","0","0","0","0","0"
"UA","04/06/2022","1185","N844UA","ORD","21:59","21:35","113","99","-24","21:31","4","0","0","0","0","0"
"UA","04/06/2022","2027","N894UA","IAD","23:37","01:00","70","63","83","00:52","8","83","0","0","0","0"
"UA","04/06/2023","0538","N899UA","ORD","21:34","21:24","114","103","-10","21:18","6","0","0","0","0","0"
"UA","04/06/2023","0604","N853UA","DEN","15:12","15:40","201","168","28","15:36","4","28","0","0","0","0"
"UA","04/06/2023","1412","N17753","EWR","23:42","23:34","72","60","-8","23:27","7","0","0","0","0","0"
"UA","04/07/2019","0607","N17719","ORD","21:02","22:27","110","176","85","22:22","5","0","19","66","0","0"
"UA","04/07/2022","1041","N877UA","DEN","15:06","16:10","198","205","64","16:05","5","47","0","7","0","10"
"UA","04/07/2022","1185","N872UA","ORD","21:59","21:54","113","105","-5","21:49","5","0","0","0","0","0"
"UA","04/07/2022","2027","N829UA","IAD","23:37","23:18","70","57","-19","23:13","5","0","0","0","0","0"
"UA","04/07/2023","0538","N24212","ORD","21:34","21:28","114","105","-6","21:21","7","0","0","0","0","0"
"UA","04/07/2023","0604","N855UA","DEN","15:12","14:53","201","179","-19","14:47","6","0","0","0","0","0"
"UA","04/07/2023","1412","N27733","EWR","23:42","23:54","72","71","12","23:46","8","0","0","0","0","0"
"UA","04/08/2019","0607","N16732","ORD","21:02","20:53","110","106","-9","20:48","5","0","0","0","0","0"
"UA","04/08/2022","1041","N837UA","DEN","15:06","15:05","198","202","-1","15:01","4","0","0","0","0","0"
"UA","04/08/2022","1185","N832UA","ORD","21:59","21:51","113","104","-8","21:47","4","0","0","0","0","0"
"UA","04/08/2022","2027","N848UA","IAD","23:37","23:37","70","62","0","23:31","6","0","0","0","0","0"
"UA","04/08/2023","0538","N820UA","ORD","21:34","21:19","114","106","-15","21:14","5","0","0","0","0","0"
"UA","04/08/2023","0604","N840UA","DEN","15:12","14:54","201","188","-18","14:48","6","0","0","0","0","0"
"UA","04/08/2023","1412","N27515","EWR","23:17","23:14","72","65","-3","23:09","5","0","0","0","0","0"
"UA","04/09/2019","0607","N432UA","ORD","21:02","20:45","110","100","-17","20:39","6","0","0","0","0","0"
"UA","04/09/2022","1041","N424UA","DEN","15:11","15:08","202","200","-3","15:03","5","0","0","0","0","0"
"UA","04/09/2022","1185","N817UA","ORD","20:58","20:51","113","104","-7","20:46","5","0","0","0","0","0"
"UA","04/09/2022","2027","N898UA","IAD","23:37","23:51","70","62","14","23:45","6","0","0","0","0","0"
"UA","04/09/2023","0538","N808UA","ORD","21:34","21:28","114","112","-6","21:23","5","0","0","0","0","0"
"UA","04/09/2023","0604","N817UA","DEN","15:12","15:33","201","197","21","15:29","4","21","0","0","0","0"
"UA","04/09/2023","1412","N13716","EWR","23:42","23:42","72","57","0","23:37","5","0","0","0","0","0"
"UA","04/10/2019","0607","N21723","ORD","21:02","20:43","110","94","-19","20:39","4","0","0","0","0","0"
"UA","04/10/2022","1041","N826UA","DEN","15:11","14:58","202","188","-13","14:54","4","0","0","0","0","0"
"UA","04/10/2022","1185","N848UA","ORD","22:04","21:43","113","94","-21","21:39","4","0","0","0","0","0"
"UA","04/10/2022","2027","N823UA","IAD","23:37","23:40","70","77","3","23:33","7","0","0","0","0","0"
"UA","04/10/2023","0538","N851UA","ORD","21:34","21:23","114","106","-11","21:18","5","0","0","0","0","0"
"UA","04/10/2023","0604","N840UA","DEN","15:12","15:33","201","225","21","15:26","7","0","0","21","0","0"
"UA","04/10/2023","1412","N16713","EWR","23:42","23:31","72","60","-11","23:27","4","0","0","0","0","0"
"UA","04/11/2019","0607","N27733","ORD","21:02","21:00","110","92","-2","20:57","3","0","0","0","0","0"
"UA","04/11/2022","1041","N409UA","DEN","15:06","14:35","198","178","-31","14:30","5","0","0","0","0","0"
"UA","04/11/2022","1185","N890UA","ORD","21:59","21:46","113","104","-13","21:41","5","0","0","0","0","0"
"UA","04/11/2022","2027","N827UA","IAD","23:37","23:31","70","67","-6","23:26","5","0","0","0","0","0"
"UA","04/11/2023","0538","N818UA","ORD","21:34","21:26","114","109","-8","21:22","4","0","0","0","0","0"
"UA","04/11/2023","0604","N831UA","DEN","15:12","15:19","201","208","7","15:14","5","0","0","0","0","0"
"UA","04/11/2023","1412","N12754","EWR","23:42","23:24","72","64","-18","23:19","5","0","0","0","0","0"
"UA","04/12/2019","0607","N16703","ORD","21:02","20:50","110","102","-12","20:46","4","0","0","0","0","0"
"UA","04/12/2022","1041","N497UA","DEN","15:06","15:00","198","186","-6","14:54","6","0","0","0","0","0"
"UA","04/12/2022","1185","N409UA","ORD","21:59","23:48","113","100","109","23:43","5","17","0","0","0","92"
"UA","04/12/2022","2027","N851UA","IAD","23:37","00:02","70","70","25","23:51","11","25","0","0","0","0"
"UA","04/12/2023","0538","N418UA","ORD","21:34","21:24","114","106","-10","21:19","5","0","0","0","0","0"
"UA","04/12/2023","0604","N466UA","DEN","15:12","15:46","201","238","34","15:41","5","0","0","34","0","0"
"UA","04/12/2023","1412","N14731","EWR","23:42","23:24","72","62","-18","23:20","4","0","0","0","0","0"
"UA","04/13/2019","0607","N443UA","ORD","21:02","20:56","110","105","-6","20:52","4","0","0","0","0","0"
"UA","04/13/2022","1041","N461UA","DEN","15:06","15:05","198","197","-1","14:59","6","0","0","0","0","0"
"UA","04/13/2022","1185","N897UA","ORD","21:59","00:40","113","103","161","00:36","4","24","0","0","0","137"
"UA","04/13/2022","2027","N896UA","IAD","23:37","23:45","70","61","8","23:40","5","0","0","0","0","0"
"UA","04/13/2023","0538","N458UA","ORD","21:34","21:26","114","104","-8","21:21","5","0","0","0","0","0"
"UA","04/13/2023","0604","N412UA","DEN","15:12","15:15","201","201","3","15:10","5","0","0","0","0","0"
"UA","04/13/2023","1412","N29717","EWR","23:42","23:26","72","57","-16","23:22","4","0","0","0","0","0"
"UA","04/14/2019","0607","","ORD","21:02","00:00","110","0","0","00:00","0","0","0","0","0","0"
"UA","04/14/2022","1041","N444UA","DEN","15:06","14:59","198","198","-7","14:44","15","0","0","0","0","0"
"UA","04/14/2022","1185","N847UA","ORD","21:59","21:55","113","102","-4","21:50","5","0","0","0","0","0"
"UA","04/14/2022","2027","N889UA","IAD","23:37","23:34","70","74","-3","23:28","6","0","0","0","0","0"
"UA","04/14/2023","0538","N24211","ORD","21:34","21:17","114","101","-17","21:13","4","0","0","0","0","0"
"UA","04/14/2023","0604","N851UA","DEN","15:12","15:05","201","197","-7","15:00","5","0","0","0","0","0"
"UA","04/14/2023","1412","N54711","EWR","23:42","23:52","72","77","10","23:49","3","0","0","0","0","0"
"UA","04/15/2019","0607","N24736","ORD","21:02","21:12","110","102","10","21:06","6","0","0","0","0","0"
"UA","04/15/2022","1041","N425UA","DEN","15:06","15:01","198","188","-5","14:55","6","0","0","0","0","0"
"UA","04/15/2022","2027","N36469","IAD","23:37","23:40","70","70","3","23:34","6","0","0","0","0","0"
"UA","04/15/2023","0538","N482UA","ORD","21:34","23:39","114","103","125","23:34","5","12","0","0","0","113"
"UA","04/15/2023","0604","N812UA","DEN","15:12","16:18","201","194","66","16:13","5","0","0","0","0","66"
"UA","04/15/2023","1412","N37502","EWR","23:17","18:55","72","93","1178","18:48","7","0","1157","21","0","0"
"UA","04/16/2019","0607","N415UA","ORD","21:02","20:57","110","105","-5","20:52","5","0","0","0","0","0"
"UA","04/16/2022","1041","N850UA","DEN","15:11","15:09","202","186","-2","15:04","5","0","0","0","0","0"
"UA","04/16/2022","1185","N822UA","ORD","20:58","20:40","113","103","-18","20:36","4","0","0","0","0","0"
"UA","04/16/2022","2027","N808UA","IAD","23:37","23:34","70","67","-3","23:28","6","0","0","0","0","0"
"UA","04/16/2023","0538","N893UA","ORD","21:34","21:27","114","104","-7","21:22","5","0","0","0","0","0"
"UA","04/16/2023","0604","N428UA","DEN","15:12","15:06","201","197","-6","15:01","5","0","0","0","0","0"
"UA","04/16/2023","1412","N24702","EWR","23:42","02:10","72","66","148","02:07","3","90","0","0","0","58"
"UA","04/17/2019","0607","N23707","ORD","21:02","20:49","110","101","-13","20:45","4","0","0","0","0","0"
"UA","04/17/2022","1041","N834UA","DEN","15:11","15:00","202","193","-11","14:56","4","0","0","0","0","0"
"UA","04/17/2022","1185","N494UA","ORD","22:04","22:50","113","95","46","22:45","5","6","0","0","0","40"
"UA","04/17/2022","2027","N877UA","IAD","23:37","23:39","70","72","2","23:31","8","0","0","0","0","0"
"UA","04/17/2023","0538","N875UA","ORD","21:34","21:17","114","99","-17","21:12","5","0","0","0","0","0"
"UA","04/17/2023","0604","N873UA","DEN","15:12","15:11","201","187","-1","15:07","4","0","0","0","0","0"
"UA","04/17/2023","1412","N21723","EWR","23:42","00:10","72","59","28","00:04","6","28","0","0","0","0"
"UA","04/18/2019","0607","N12754","ORD","21:02","20:46","110","102","-16","20:42","4","0","0","0","0","0"
"UA","04/18/2022","1041","N429UA","DEN","15:06","16:00","198","186","54","15:55","5","0","0","0","0","54"
"UA","04/18/2022","1185","N816UA","ORD","21:59","21:44","113","102","-15","21:39","5","0","0","0","0","0"
"UA","04/18/2022","2027","N898UA","IAD","23:37","23:29","70","63","-8","23:23","6","0","0","0","0","0"
"UA","04/18/2023","0538","N825UA","ORD","21:34","22:15","114","103","41","22:11","4","1","0","0","0","40"
"UA","04/18/2023","0604","N851UA","DEN","15:12","15:00","201","196","-12","14:55","5","0","0","0","0","0"
"UA","04/18/2023","1412","N24729","EWR","23:42","01:29","72","48","107","01:25","4","0","0","77","0","30"
"UA","04/19/2019","0607","N17752","ORD","21:02","20:54","110","107","-8","20:47","7","0","0","0","0","0"
"UA","04/19/2022","1041","N463UA","DEN","15:06","15:00","198","192","-6","14:55","5","0","0","0","0","0"
"UA","04/19/2022","1185","N848UA","ORD","21:59","21:42","113","106","-17","21:34","8","0","0","0","0","0"
"UA","04/19/2022","2027","N845UA","IAD","23:37","23:29","70","66","-8","23:24","5","0","0","0","0","0"
"UA","04/19/2023","0538","N833UA","ORD","21:34","21:23","114","105","-11","21:19","4","0","0","0","0","0"
"UA","04/19/2023","0604","N851UA","DEN","15:12","15:11","201","197","-1","15:07","4","0","0","0","0","0"
"UA","04/19/2023","1412","N15751","EWR","23:42","23:26","72","58","-16","23:19","7","0","0","0","0","0"
"UA","04/20/2019","0607","N471UA","ORD","21:02","20:53","110","105","-9","20:47","6","0","0","0","0","0"
"UA","04/20/2022","1041","N408UA","DEN","15:06","15:02","198","190","-4","14:57","5","0","0","0","0","0"
"UA","04/20/2022","1185","N851UA","ORD","21:59","21:39","113","93","-20","21:34","5","0","0","0","0","0"
"UA","04/20/2022","2027","N813UA","IAD","23:37","23:25","70","64","-12","23:21","4","0","0","0","0","0"
"UA","04/20/2023","0538","N453UA","ORD","21:34","23:50","114","132","136","23:38","12","0","0","18","0","118"
"UA","04/20/2023","0604","N819UA","DEN","15:12","15:12","201","201","0","15:08","4","0","0","0","0","0"
"UA","04/20/2023","1412","N39728","EWR","23:42","23:36","72","62","-6","23:31","5","0","0","0","0","0"
"UA","04/21/2019","0607","N16709","ORD","21:02","21:01","110","112","-1","20:57","4","0","0","0","0","0"
"UA","04/21/2022","1041","N406UA","DEN","15:06","14:56","198","181","-10","14:51","5","0","0","0","0","0"
"UA","04/21/2022","1185","N826UA","ORD","21:59","21:43","113","98","-16","21:39","4","0","0","0","0","0"
"UA","04/21/2022","2027","N835UA","IAD","23:37","23:33","70","71","-4","23:26","7","0","0","0","0","0"
"UA","04/21/2023","0538","N33203","ORD","21:34","21:20","114","109","-14","21:15","5","0","0","0","0","0"
"UA","04/21/2023","0604","N831UA","DEN","15:12","14:53","201","183","-19","14:44","9","0","0","0","0","0"
"UA","04/21/2023","1412","N29717","EWR","23:42","00:09","72","55","27","00:03","6","11","0","0","0","16"
"UA","04/22/2019","0607","N16701","ORD","21:02","21:54","110","162","52","21:49","5","0","0","52","0","0"
"UA","04/22/2022","1041","N427UA","DEN","15:06","14:57","198","199","-9","14:53","4","0","0","0","0","0"
"UA","04/22/2022","1185","N815UA","ORD","21:59","22:34","113","101","35","22:27","7","35","0","0","0","0"
"UA","04/22/2022","2027","N822UA","IAD","23:37","23:44","70","65","7","23:38","6","0","0","0","0","0"
"UA","04/22/2023","0538","N458UA","ORD","21:34","21:28","114","108","-6","21:16","12","0","0","0","0","0"
"UA","04/22/2023","0604","N818UA","DEN","15:12","15:36","201","219","24","15:31","5","0","0","18","0","6"
"UA","04/22/2023","1412","N27515","EWR","23:17","14:35","72","72","918","14:30","5","722","0","0","0","196"
"UA","04/23/2019","0607","N496UA","ORD","21:02","21:02","110","100","0","20:56","6","0","0","0","0","0"
"UA","04/23/2022","1041","N4888U","DEN","15:11","15:17","202","208","6","15:12","5","0","0","0","0","0"
"UA","04/23/2022","1185","N801UA","ORD","20:58","20:53","113","100","-5","20:48","5","0","0","0","0","0"
"UA","04/23/2022","2027","N871UA","IAD","23:37","23:25","70","63","-12","23:21","4","0","0","0","0","0"
"UA","04/23/2023","0538","N897UA","ORD","21:34","22:43","114","105","69","22:37","6","69","0","0","0","0"
"UA","04/23/2023","0604","N824UA","DEN","15:12","15:03","201","199","-9","14:58","5","0","0","0","0","0"
"UA","04/23/2023","1412","N23707","EWR","23:42","23:49","72","63","7","23:46","3","0","0","0","0","0"
"UA","04/24/2019","0607","N27724","ORD","21:02","20:50","110","101","-12","20:45","5","0","0","0","0","0"
"UA","04/24/2022","1041","N813UA","DEN","15:11","14:56","202","190","-15","14:52","4","0","0","0","0","0"
"UA","04/24/2022","1185","N847UA","ORD","22:04","23:19","113","105","75","23:15","4","2","0","0","0","73"
"UA","04/24/2022","2027","N402UA","IAD","23:37","00:13","70","57","36","00:09","4","23","0","0","0","13"
"UA","04/24/2023","0538","N827UA","ORD","21:34","21:15","114","96","-19","21:11","4","0","0","0","0","0"
"UA","04/24/2023","0604","N824UA","DEN","15:12","15:02","201","193","-10","14:58","4","0","0","0","0","0"
"UA","04/24/2023","1412","N17719","EWR","23:42","23:27","72","62","-15","23:22","5","0","0","0","0","0"
"UA","04/25/2019","0607","N12754","ORD","21:02","20:45","110","98","-17","20:41","4","0","0","0","0","0"
"UA","04/25/2022","1041","N444UA","DEN","15:06","14:54","198","189","-12","14:47","7","0","0","0","0","0"
"UA","04/25/2022","1185","N836UA","ORD","21:59","21:52","113","113","-7","21:47","5","0","0","0","0","0"
"UA","04/25/2022","2027","N879UA","IAD","23:37","00:09","70","64","32","00:04","5","32","0","0","0","0"
"UA","04/25/2023","0538","N897UA","ORD","21:34","21:15","114","97","-19","21:11","4","0","0","0","0","0"
"UA","04/25/2023","0604","N828UA","DEN","15:12","15:27","201","195","15","15:22","5","4","0","0","0","11"
"UA","04/25/2023","1412","N16709","EWR","23:42","23:24","72","59","-18","23:19","5","0","0","0","0","0"
"UA","04/26/2019","0607","N16703","ORD","21:02","21:40","110","113","38","21:35","5","5","0","3","0","30"
"UA","04/26/2022","1041","N401UA","DEN","15:06","15:53","198","185","47","15:48","5","47","0","0","0","0"
"UA","04/26/2022","1185","N882UA","ORD","21:59","21:37","113","98","-22","21:33","4","0","0","0","0","0"
"UA","04/26/2022","2027","N839UA","IAD","23:37","00:54","70","59","77","00:49","5","2","0","0","0","75"
"UA","04/26/2023","0538","N808UA","ORD","21:34","23:20","114","126","106","23:16","4","0","0","12","0","94"
"UA","04/26/2023","0604","N812UA","DEN","15:12","15:01","201","195","-11","14:55","6","0","0","0","0","0"
"UA","04/26/2023","1412","N24706","EWR","23:42","23:30","72","63","-12","23:24","6","0","0","0","0","0"
"UA","04/27/2019","0607","N456UA","ORD","21:02","21:31","110","139","29","21:25","6","0","0","29","0","0"
"UA","04/27/2022","1041","N462UA","DEN","15:06","15:00","198","196","-6","14:48","12","0","0","0","0","0"
"UA","04/27/2022","1185","N878UA","ORD","21:59","21:41","113","100","-18","21:35","6","0","0","0","0","0"
"UA","04/27/2022","2027","N825UA","IAD","23:37","23:54","70","63","17","23:48","6","17","0","0","0","0"
"UA","04/27/2023","0538","N440UA","ORD","21:34","21:12","114","97","-22","21:05","7","0","0","0","0","0"
"UA","04/27/2023","0604","N829UA","DEN","15:12","14:56","201","193","-16","14:52","4","0","0","0","0","0"
"UA","04/27/2023","1412","N33714","EWR","23:42","23:27","72","61","-15","23:20","7","0","0","0","0","0"
"UA","04/28/2019","0607","N25705","ORD","21:02","20:50","110","103","-12","20:45","5","0","0","0","0","0"
"UA","04/28/2022","1041","N823UA","DEN","15:06","15:57","198","200","51","15:54","3","49","0","2","0","0"
"UA","04/28/2022","1185","N899UA","ORD","21:59","21:42","113","101","-17","21:38","4","0","0","0","0","0"
"UA","04/28/2022","2027","N898UA","IAD","23:37","23:53","70","71","16","23:47","6","4","0","1","0","11"
"UA","04/28/2023","0538","N37255","ORD","21:34","21:18","114","97","-16","21:13","5","0","0","0","0","0"
"UA","04/28/2023","0604","N898UA","DEN","15:12","15:02","201","199","-10","14:55","7","0","0","0","0","0"
"UA","04/28/2023","1412","N24736","EWR","23:42","00:23","72","68","41","00:16","7","26","0","0","0","15"
"UA","04/29/2019","0607","N1902U","ORD","21:03","21:46","111","99","43","21:42","4","0","0","0","0","43"
"UA","04/29/2022","1041","N427UA","DEN","15:06","15:06","198","198","0","15:03","3","0","0","0","0","0"
"UA","04/29/2022","1185","N802UA","ORD","21:59","21:38","113","105","-21","21:34","4","0","0","0","0","0"
"UA","04/29/2022","2027","N455UA","IAD","23:37","23:54","70","65","17","23:49","5","17","0","0","0","0"
"UA","04/29/2023","0538","N804UA","ORD","21:34","22:21","114","107","47","22:15","6","3","0","0","0","44"
"UA","04/29/2023","0604","N421UA","DEN","15:12","14:59","201","195","-13","14:54","5","0","0","0","0","0"
"UA","04/29/2023","1412","N37548","EWR","23:14","00:14","72","104","60","00:10","4","28","0","32","0","0"
"UA","04/30/2019","0607","N440UA","ORD","21:03","23:07","111","100","124","23:02","5","0","0","0","0","124"
"UA","04/30/2022","1041","N824UA","DEN","15:11","15:02","202","201","-9","14:58","4","0","0","0","0","0"
"UA","04/30/2022","1185","N878UA","ORD","20:58","01:34","113","119","276","01:30","4","11","0","6","0","259"
"UA","04/30/2022","2027","N848UA","IAD","23:37","00:07","70","69","30","00:02","5","30","0","0","0","0"
"UA","04/30/2022","2267","N413UA","EWR","22:57","23:07","72","61","10","23:02","5","0","0","0","0","0"
"UA","04/30/2023","0538","N815UA","ORD","21:34","21:21","114","107","-13","21:11","10","0","0","0","0","0"
"UA","04/30/2023","0604","N891UA","DEN","15:12","15:03","201","198","-9","14:58","5","0","0","0","0","0"
"UA","04/30/2023","1412","","EWR","23:42","00:00","72","0","0","00:00","0","0","0","0","0","0"
"UA","05/01/2019","0607","N497UA","ORD","21:11","21:01","111","106","-10","20:55","6","0","0","0","0","0"
"UA","05/01/2022","1041","N832UA","DEN","15:11","15:04","202","195","-7","14:59","5","0","0","0","0","0"
"UA","05/01/2022","1185","N821UA","ORD","22:04","21:57","113","111","-7","21:44","13","0","0","0","0","0"
"UA","05/01/2022","2027","N851UA","IAD","23:37","00:14","70","58","37","00:08","6","0","0","0","0","37"
"UA","05/01/2023","0538","N456UA","ORD","21:34","21:22","114","102","-12","21:18","4","0","0","0","0","0"
"UA","05/01/2023","0604","N461UA","DEN","15:12","15:19","201","196","7","15:13","6","0","0","0","0","0"
"UA","05/01/2023","1412","N57299","EWR","23:42","23:53","72","51","11","23:49","4","0","0","0","0","0"
"UA","05/02/2019","0607","N445UA","ORD","21:11","21:05","111","111","-6","21:00","5","0","0","0","0","0"
"UA","05/02/2022","1041","N405UA","DEN","15:06","14:59","198","189","-7","14:53","6","0","0","0","0","0"
"UA","05/02/2022","1185","N878UA","ORD","21:59","21:37","113","102","-22","21:32","5","0","0","0","0","0"
"UA","05/02/2022","2027","N849UA","IAD","23:37","23:30","70","68","-7","23:24","6","0","0","0","0","0"
"UA","05/02/2023","0538","N433UA","ORD","21:34","21:22","114","103","-12","21:18","4","0","0","0","0","0"
"UA","05/02/2023","0604","N812UA","DEN","15:12","15:37","201","215","25","15:32","5","11","0","14","0","0"
"UA","05/02/2023","1412","N39726","EWR","23:42","00:35","72","56","53","00:30","5","2","0","0","0","51"
"UA","05/03/2019","0607","N438UA","ORD","21:11","20:58","111","105","-13","20:51","7","0","0","0","0","0"
"UA","05/03/2022","1041","N470UA","DEN","15:06","15:01","198","193","-5","14:57","4","0","0","0","0","0"
"UA","05/03/2022","1185","N815UA","ORD","21:59","21:28","113","91","-31","21:24","4","0","0","0","0","0"
"UA","05/03/2022","2027","N829UA","IAD","23:37","23:32","70","62","-5","23:27","5","0","0","0","0","0"
"UA","05/03/2023","0538","N844UA","ORD","21:34","21:23","114","111","-11","21:18","5","0","0","0","0","0"
"UA","05/03/2023","0604","N891UA","DEN","15:12","15:36","201","233","24","15:31","5","0","0","24","0","0"
"UA","05/03/2023","1412","N38727","EWR","23:42","23:44","72","58","2","23:38","6","0","0","0","0","0"
"UA","05/04/2019","0607","N466UA","ORD","21:11","22:14","111","93","63","22:09","5","0","0","16","0","47"
"UA","05/04/2022","1041","N452UA","DEN","15:06","15:00","198","189","-6","14:55","5","0","0","0","0","0"
"UA","05/04/2022","1185","N808UA","ORD","21:59","22:05","113","97","6","22:01","4","0","0","0","0","0"
"UA","05/04/2022","2027","N839UA","IAD","23:37","23:28","70","66","-9","23:22","6","0","0","0","0","0"
"UA","05/04/2023","0538","N27546","ORD","21:34","21:39","114","108","5","21:34","5","0","0","0","0","0"
"UA","05/04/2023","0604","N436UA","DEN","15:12","15:07","201","198","-5","15:02","5","0","0","0","0","0"
"UA","05/04/2023","1412","N27239","EWR","23:41","00:20","72","52","39","00:14","6","39","0","0","0","0"
"UA","05/05/2019","0607","N1902U","ORD","21:11","21:45","111","112","34","21:40","5","0","0","1","0","33"
"UA","05/05/2022","1041","N497UA","DEN","15:06","14:51","198","187","-15","14:45","6","0","0","0","0","0"
"UA","05/05/2022","1185","N848UA","ORD","22:25","22:09","113","114","-16","22:01","8","0","0","0","0","0"
"UA","05/05/2023","0538","N68801","ORD","21:09","21:10","111","111","1","21:04","6","0","0","0","0","0"
"UA","05/05/2023","0679","N17245","DEN","22:50","23:50","202","190","60","23:45","5","1","0","0","0","59"
"UA","05/05/2023","1733","N38727","EWR","23:11","23:16","72","63","5","23:09","7","0","0","0","0","0"
"UA","05/06/2019","0607","N465UA","ORD","21:11","21:06","111","111","-5","21:01","5","0","0","0","0","0"
"UA","05/06/2022","0652","N406UA","DEN","15:09","15:04","198","193","-5","15:01","3","0","0","0","0","0"
"UA","05/06/2022","2051","N27205","ORD","20:57","20:42","111","98","-15","20:37","5","0","0","0","0","0"
"UA","05/06/2023","0538","N61881","ORD","21:09","21:34","111","132","25","21:27","7","0","0","25","0","0"
"UA","05/06/2023","0679","N77258","DEN","22:50","22:40","202","191","-10","22:35","5","0","0","0","0","0"
"UA","05/07/2019","0607","N426UA","ORD","21:11","21:04","111","109","-7","20:59","5","0","0","0","0","0"
"UA","05/07/2022","0652","N460UA","DEN","15:09","14:58","198","192","-11","14:50","8","0","0","0","0","0"
"UA","05/07/2022","2051","N833UA","ORD","20:51","20:45","111","99","-6","20:40","5","0","0","0","0","0"
"UA","05/07/2023","0538","N37532","ORD","21:09","21:06","111","115","-3","21:00","6","0","0","0","0","0"
"UA","05/07/2023","0679","N14250","DEN","22:50","22:27","202","187","-23","22:21","6","0","0","0","0","0"
"UA","05/07/2023","1733","N14704","EWR","23:11","23:33","72","81","22","23:27","6","13","0","9","0","0"
"UA","05/08/2019","0607","N496UA","ORD","21:11","20:56","111","99","-15","20:51","5","0","0","0","0","0"
"UA","05/08/2022","0652","N409UA","DEN","15:09","15:02","198","193","-7","14:55","7","0","0","0","0","0"
"UA","05/08/2022","2051","N435UA","ORD","20:51","22:06","111","100","75","22:01","5","75","0","0","0","0"
"UA","05/08/2023","0538","N61881","ORD","21:09","21:06","111","112","-3","21:02","4","0","0","0","0","0"
"UA","05/08/2023","0679","N76504","DEN","22:50","23:42","202","230","52","23:35","7","0","0","28","0","24"
"UA","05/08/2023","1733","N33714","EWR","23:11","23:19","72","60","8","23:14","5","0","0","0","0","0"
"UA","05/09/2019","0607","N405UA","ORD","21:11","21:06","111","113","-5","21:00","6","0","0","0","0","0"
"UA","05/09/2022","0652","N423UA","DEN","15:09","14:59","198","185","-10","14:53","6","0","0","0","0","0"
"UA","05/09/2022","2051","N890UA","ORD","20:51","20:36","111","101","-15","20:29","7","0","0","0","0","0"
"UA","05/09/2023","0538","N75435","ORD","21:09","20:59","111","102","-10","20:54","5","0","0","0","0","0"
"UA","05/09/2023","0679","N24212","DEN","22:50","22:35","202","187","-15","22:30","5","0","0","0","0","0"
"UA","05/09/2023","1733","N33714","EWR","23:11","23:41","72","54","30","23:35","6","6","0","0","0","24"
"UA","05/10/2019","0607","N456UA","ORD","21:11","21:21","111","126","10","21:15","6","0","0","0","0","0"
"UA","05/10/2022","0652","N452UA","DEN","15:09","15:03","198","194","-6","14:58","5","0","0","0","0","0"
"UA","05/10/2022","2051","N822UA","ORD","20:51","21:19","111","106","28","21:16","3","28","0","0","0","0"
"UA","05/10/2023","0538","N39461","ORD","21:09","21:07","111","113","-2","21:02","5","0","0","0","0","0"
"UA","05/10/2023","0679","N17233","DEN","22:50","00:42","202","209","112","00:36","6","15","0","7","0","90"
"UA","05/10/2023","1733","N27734","EWR","23:11","23:31","72","61","20","23:27","4","20","0","0","0","0"
"UA","05/11/2019","0607","N456UA","ORD","21:11","21:02","111","102","-9","20:57","5","0","0","0","0","0"
"UA","05/11/2022","0652","N479UA","DEN","15:09","15:15","198","202","6","15:09","6","0","0","0","0","0"
"UA","05/11/2022","2051","N815UA","ORD","20:51","21:24","111","137","33","21:20","4","0","0","26","0","7"
"UA","05/11/2023","0538","N61882","ORD","21:09","21:31","111","106","22","21:27","4","22","0","0","0","0"
"UA","05/11/2023","0679","N37277","DEN","22:50","22:57","202","208","7","22:51","6","0","0","0","0","0"
"UA","05/11/2023","1733","N14704","EWR","23:11","23:25","72","49","14","23:21","4","0","0","0","0","0"
"UA","05/12/2019","0607","N456UA","ORD","21:11","21:04","111","105","-7","21:00","4","0","0","0","0","0"
"UA","05/12/2022","0652","N423UA","DEN","15:09","15:36","198","225","27","15:33","3","0","0","27","0","0"
"UA","05/12/2022","2051","N848UA","ORD","20:51","20:56","111","104","5","20:50","6","0","0","0","0","0"
"UA","05/12/2023","0538","N69813","ORD","21:09","21:15","111","120","6","21:08","7","0","0","0","0","0"
"UA","05/12/2023","0679","N37253","DEN","22:50","22:47","202","191","-3","22:42","5","0","0","0","0","0"
"UA","05/12/2023","1733","N17752","EWR","23:11","23:34","72","65","23","23:24","10","23","0","0","0","0"
"UA","05/13/2019","0607","N440UA","ORD","21:11","21:02","111","107","-9","20:58","4","0","0","0","0","0"
"UA","05/13/2022","0652","N407UA","DEN","15:09","15:23","198","217","14","15:19","4","0","0","0","0","0"
"UA","05/13/2022","2051","N834UA","ORD","20:51","20:43","111","107","-8","20:39","4","0","0","0","0","0"
"UA","05/13/2023","0538","N62849","ORD","21:09","21:19","111","111","10","21:12","7","0","0","0","0","0"
"UA","05/13/2023","0679","N27205","DEN","22:50","22:40","202","191","-10","22:35","5","0","0","0","0","0"
"UA","05/13/2023","1733","N39728","EWR","23:11","23:55","72","56","44","23:50","5","21","0","0","0","23"
"UA","05/14/2019","0607","N446UA","ORD","21:11","21:02","111","107","-9","20:55","7","0","0","0","0","0"
"UA","05/14/2022","0652","N479UA","DEN","15:09","15:03","198","193","-6","14:58","5","0","0","0","0","0"
"UA","05/14/2022","2051","N826UA","ORD","20:51","21:04","111","101","13","21:01","3","0","0","0","0","0"
"UA","05/14/2023","0538","N63890","ORD","21:09","21:57","111","100","48","21:52","5","0","0","0","0","48"
"UA","05/14/2023","0679","N33209","DEN","22:50","22:42","202","188","-8","22:37","5","0","0","0","0","0"
"UA","05/14/2023","1733","N39728","EWR","23:11","23:01","72","60","-10","22:55","6","0","0","0","0","0"
"UA","05/15/2019","0607","N468UA","ORD","21:11","21:01","111","110","-10","20:56","5","0","0","0","0","0"
"UA","05/15/2022","0652","N465UA","DEN","15:09","15:11","198","200","2","14:56","15","0","0","0","0","0"
"UA","05/15/2022","2051","N848UA","ORD","20:51","20:42","111","112","-9","20:33","9","0","0","0","0","0"
"UA","05/15/2023","0538","N37437","ORD","21:09","21:34","111","101","25","21:29","5","25","0","0","0","0"
"UA","05/15/2023","0679","N76502","DEN","22:50","02:18","202","190","208","02:13","5","208","0","0","0","0"
"UA","05/15/2023","1733","N471UA","EWR","23:11","23:27","72","64","16","23:23","4","16","0","0","0","0"
"UA","05/16/2019","0607","N488UA","ORD","21:11","21:55","111","139","44","21:49","6","6","0","28","0","10"
"UA","05/16/2022","0652","N472UA","DEN","15:09","15:47","198","206","38","15:42","5","0","0","8","0","30"
"UA","05/16/2022","2051","N882UA","ORD","20:51","20:49","111","111","-2","20:44","5","0","0","0","0","0"
"UA","05/16/2023","0538","N39450","ORD","21:09","21:27","111","94","18","21:22","5","18","0","0","0","0"
"UA","05/16/2023","0679","N34222","DEN","22:50","00:50","202","195","120","00:46","4","0","0","0","0","120"
"UA","05/16/2023","1733","N38467","EWR","23:11","23:14","72","58","3","23:09","5","0","0","0","0","0"
"UA","05/17/2019","0607","N458UA","ORD","21:11","21:28","111","103","17","21:23","5","17","0","0","0","0"
"UA","05/17/2022","0652","N485UA","DEN","15:09","15:05","198","197","-4","15:00","5","0","0","0","0","0"
"UA","05/17/2022","2051","N882UA","ORD","20:51","20:38","111","101","-13","20:34","4","0","0","0","0","0"
"UA","05/17/2023","0538","N37419","ORD","21:09","21:19","111","111","10","21:13","6","0","0","0","0","0"
"UA","05/17/2023","0679","N37252","DEN","22:50","23:02","202","206","12","22:57","5","0","0","0","0","0"
"UA","05/17/2023","1733","N14731","EWR","23:11","23:27","72","72","16","23:15","12","16","0","0","0","0"
"UA","05/18/2019","0607","N417UA","ORD","21:11","00:22","111","137","191","00:16","6","0","0","26","0","165"
"UA","05/18/2022","0652","N452UA","DEN","15:09","14:59","198","193","-10","14:53","6","0","0","0","0","0"
"UA","05/18/2022","2051","N829UA","ORD","20:51","20:49","111","106","-2","20:45","4","0","0","0","0","0"
"UA","05/18/2023","0538","N39463","ORD","21:09","21:02","111","106","-7","20:57","5","0","0","0","0","0"
"UA","05/18/2023","0679","N33284","DEN","22:50","22:48","202","187","-2","22:43","5","0","0","0","0","0"
"UA","05/18/2023","1733","N16703","EWR","23:11","23:05","72","68","-6","23:00","5","0","0","0","0","0"
"UA","05/19/2019","0607","N445UA","ORD","21:11","23:45","111","105","154","23:40","5","3","0","0","0","151"
"UA","05/19/2022","0652","N403UA","DEN","15:09","15:12","198","207","3","14:56","16","0","0","0","0","0"
"UA","05/19/2022","2051","N457UA","ORD","20:51","21:24","111","99","33","21:20","4","33","0","0","0","0"
"UA","05/19/2023","0538","N67815","ORD","21:09","21:05","111","106","-4","21:01","4","0","0","0","0","0"
"UA","05/19/2023","0679","N73256","DEN","22:50","23:19","202","194","29","23:12","7","14","0","0","0","15"
"UA","05/19/2023","1733","N27722","EWR","23:11","23:44","72","107","33","23:30","14","0","0","33","0","0"
"UA","05/20/2019","0607","N414UA","ORD","21:11","21:39","111","89","28","21:34","5","28","0","0","0","0"
"UA","05/20/2022","0652","N460UA","DEN","15:09","15:49","198","180","40","15:45","4","6","0","0","0","34"
"UA","05/20/2022","2051","N892UA","ORD","20:51","20:42","111","103","-9","20:38","4","0","0","0","0","0"
"UA","05/20/2023","0538","N39475","ORD","21:09","22:05","111","101","56","21:59","6","5","0","0","0","51"
"UA","05/20/2023","0679","N11206","DEN","22:50","22:43","202","193","-7","22:38","5","0","0","0","0","0"
"UA","05/20/2023","1733","N27722","EWR","23:11","23:24","72","71","13","23:17","7","0","0","0","0","0"
"UA","05/21/2019","0607","N407UA","ORD","21:11","21:09","111","95","-2","21:04","5","0","0","0","0","0"
"UA","05/21/2022","0652","","DEN","15:09","00:00","198","0","0","00:00","0","0","0","0","0","0"
"UA","05/21/2022","2051","N892UA","ORD","20:51","00:30","111","109","219","00:25","5","219","0","0","0","0"
"UA","05/21/2023","0538","N37541","ORD","21:09","20:57","111","103","-12","20:52","5","0","0","0","0","0"
"UA","05/21/2023","0679","N35260","DEN","22:50","22:56","202","208","6","22:51","5","0","0","0","0","0"
"UA","05/21/2023","1733","N24715","EWR","23:11","23:13","72","61","2","23:08","5","0","0","0","0","0"
"UA","05/22/2019","0607","N472UA","ORD","21:11","20:58","111","100","-13","20:53","5","0","0","0","0","0"
"UA","05/22/2022","0652","N489UA","DEN","15:09","15:15","198","190","6","15:10","5","0","0","0","0","0"
"UA","05/22/2022","2051","N873UA","ORD","20:51","20:33","111","97","-18","20:27","6","0","0","0","0","0"
"UA","05/22/2023","0538","N69826","ORD","21:09","23:11","111","107","122","23:01","10","3","0","0","0","119"
"UA","05/22/2023","0679","N37293","DEN","22:50","22:51","202","195","1","22:45","6","0","0","0","0","0"
"UA","05/22/2023","1733","N27722","EWR","23:11","00:06","72","111","55","23:12","54","1","0","39","0","15"
"UA","05/23/2019","0607","N477UA","ORD","21:11","21:01","111","105","-10","20:56","5","0","0","0","0","0"
"UA","05/23/2022","0652","N488UA","DEN","15:09","15:28","198","220","19","14:56","32","0","0","19","0","0"
"UA","05/23/2022","2051","N873UA","ORD","20:51","20:36","111","98","-15","20:30","6","0","0","0","0","0"
"UA","05/23/2023","0538","N45440","ORD","21:09","21:23","111","113","14","21:19","4","0","0","0","0","0"
"UA","05/23/2023","0679","N14219","DEN","22:50","22:45","202","199","-5","22:39","6","0","0","0","0","0"
"UA","05/23/2023","1733","N13716","EWR","23:11","23:13","72","72","2","23:08","5","0","0","0","0","0"
"UA","05/24/2019","0607","N415UA","ORD","21:11","21:10","111","94","-1","21:05","5","0","0","0","0","0"
"UA","05/24/2022","0652","N435UA","DEN","15:09","15:08","198","195","-1","14:54","14","0","0","0","0","0"
"UA","05/24/2022","2051","N818UA","ORD","20:51","20:40","111","103","-11","20:35","5","0","0","0","0","0"
"UA","05/24/2023","0538","N62894","ORD","21:09","21:01","111","100","-8","20:56","5","0","0","0","0","0"
"UA","05/24/2023","0679","N26208","DEN","22:50","23:59","202","211","69","23:51","8","33","0","9","0","27"
"UA","05/24/2023","1733","N21723","EWR","23:11","23:11","72","62","0","23:07","4","0","0","0","0","0"
"UA","05/25/2022","0652","N485UA","DEN","15:09","15:22","198","190","13","15:12","10","0","0","0","0","0"
"UA","05/25/2022","2051","N803UA","ORD","20:51","21:37","111","117","46","21:33","4","0","0","6","0","40"
"UA","05/25/2023","0538","N68891","ORD","21:09","21:25","111","127","16","21:20","5","0","0","16","0","0"
"UA","05/25/2023","0679","N33292","DEN","22:50","23:30","202","237","40","23:20","10","0","0","40","0","0"
"UA","05/25/2023","1733","N25705","EWR","23:11","23:22","72","55","11","23:18","4","0","0","0","0","0"
"UA","05/26/2019","0607","N413UA","ORD","21:11","20:52","111","95","-19","20:47","5","0","0","0","0","0"
"UA","05/26/2022","0652","N488UA","DEN","15:09","15:00","198","199","-9","14:55","5","0","0","0","0","0"
"UA","05/26/2022","2051","N834UA","ORD","20:51","21:04","111","125","13","21:00","4","0","0","0","0","0"
"UA","05/26/2023","0538","N68880","ORD","21:09","21:30","111","120","21","21:25","5","12","0","9","0","0"
"UA","05/26/2023","0679","N33284","DEN","22:50","00:12","202","224","82","00:04","8","4","0","22","0","56"
"UA","05/26/2023","1733","N12754","EWR","23:11","23:53","72","73","42","23:47","6","41","0","1","0","0"
"UA","05/27/2019","0607","N442UA","ORD","21:11","01:04","111","92","233","01:00","4","70","0","0","0","163"
"UA","05/27/2022","0652","N433UA","DEN","15:09","15:02","198","197","-7","14:57","5","0","0","0","0","0"
"UA","05/27/2022","2051","N829UA","ORD","20:51","20:44","111","106","-7","20:38","6","0","0","0","0","0"
"UA","05/27/2023","0538","N68452","ORD","21:09","21:31","111","137","22","21:24","7","0","0","22","0","0"
"UA","05/27/2023","0679","N14235","DEN","22:50","04:44","202","215","354","04:38","6","51","0","13","0","290"
"UA","05/27/2023","1733","N25705","EWR","23:11","23:31","72","70","20","23:25","6","20","0","0","0","0"
"UA","05/28/2019","0607","N490UA","ORD","21:11","00:01","111","111","170","23:54","7","0","1","0","0","169"
"UA","05/28/2022","0652","N448UA","DEN","15:09","15:12","198","203","3","15:07","5","0","0","0","0","0"
"UA","05/28/2022","2051","N853UA","ORD","20:51","20:52","111","108","1","20:48","4","0","0","0","0","0"
"UA","05/28/2023","0538","N68811","ORD","21:09","21:00","111","109","-9","20:54","6","0","0","0","0","0"
"UA","05/28/2023","0679","N33266","DEN","22:50","23:27","202","220","37","23:22","5","19","0","18","0","0"
"UA","05/28/2023","1733","N13718","EWR","23:11","22:47","72","51","-24","22:42","5","0","0","0","0","0"
"UA","05/29/2019","0607","N445UA","ORD","21:11","21:52","111","98","41","21:46","6","0","0","0","0","41"
"UA","05/29/2022","0652","N404UA","DEN","15:09","15:19","198","212","10","15:03","16","0","0","0","0","0"
"UA","05/29/2022","2051","N899UA","ORD","20:51","20:50","111","112","-1","20:45","5","0","0","0","0","0"
"UA","05/29/2023","0538","N37434","ORD","21:09","21:13","111","120","4","21:08","5","0","0","0","0","0"
"UA","05/29/2023","0679","N36247","DEN","22:50","00:11","202","240","81","00:06","5","0","43","38","0","0"
"UA","05/29/2023","1733","N16713","EWR","23:11","23:19","72","56","8","23:14","5","0","0","0","0","0"
"UA","05/30/2019","0607","N440UA","ORD","21:11","21:24","111","107","13","21:19","5","0","0","0","0","0"
"UA","05/30/2022","0652","N404UA","DEN","15:09","15:21","198","207","12","15:16","5","0","0","0","0","0"
"UA","05/30/2022","2051","N828UA","ORD","20:51","20:50","111","108","-1","20:46","4","0","0","0","0","0"
"UA","05/30/2023","0538","N62889","ORD","21:09","20:50","111","96","-19","20:46","4","0","0","0","0","0"
"UA","05/30/2023","0679","N37278","DEN","22:50","22:48","202","200","-2","22:43","5","0","0","0","0","0"
"UA","05/30/2023","1733","N12754","EWR","23:11","23:09","72","76","-2","22:59","10","0","0","0","0","0"
"UA","05/31/2019","0607","N434UA","ORD","21:11","21:23","111","114","12","21:18","5","0","0","0","0","0"
"UA","05/31/2022","0652","N404UA","DEN","15:09","15:21","198","214","12","14:53","28","0","0","0","0","0"
"UA","05/31/2022","2051","N899UA","ORD","20:51","21:47","111","95","56","21:43","4","1","0","0","0","55"
"UA","05/31/2023","0538","N17719","ORD","21:09","22:18","111","144","69","22:13","5","3","0","33","0","33"
"UA","05/31/2023","0679","N33289","DEN","22:50","00:50","202","268","120","00:44","6","22","0","66","0","32"
"UA","05/31/2023","1733","N13718","EWR","23:11","23:41","72","94","30","23:38","3","8","0","22","0","0"

 SOURCE: Bureau of Transportation Statistics